sec par, # entries, threshold, expected matches, total bytes, total_time
224, 50, 5, 45, 23087, 0.019797
224, 50, 10, 45, 23087, 0.019836
224, 50, 15, 45, 23087, 0.019832
224, 50, 20, 45, 23087, 0.019890
224, 50, 25, 45, 23087, 0.019913
224, 50, 30, 45, 23087, 0.019892
224, 50, 35, 45, 23087, 0.020029
224, 50, 40, 45, 23087, 0.020076
224, 50, 45, 45, 23087, 0.020240
