sec par, # entries, threshold, expected matches, total bytes, total_time
224, 10, 1, 7, 4847, 0.005954
224, 10, 2, 7, 4847, 0.005863
224, 10, 3, 7, 4847, 0.005886
224, 10, 4, 7, 4847, 0.005854
224, 10, 5, 7, 4847, 0.005871
224, 10, 6, 7, 4847, 0.005912
224, 10, 7, 7, 4847, 0.005849
224, 10, 8, 7, 4847, 0.005905
224, 10, 9, 7, 4847, 0.005836
