sec par, # entries, threshold, expected matches, total bytes, total_time
224, 50, 5, 45, 23087, 0.019215
224, 50, 10, 45, 23087, 0.019371
224, 50, 15, 45, 23087, 0.019172
224, 50, 20, 45, 23087, 0.019042
224, 50, 25, 45, 23087, 0.019070
224, 50, 30, 45, 23087, 0.019070
224, 50, 35, 45, 23087, 0.019266
224, 50, 40, 45, 23087, 0.019053
224, 50, 45, 45, 23087, 0.018926
