sec par, # entries, threshold, expected matches, total bytes, total_time
224, 50, 5, 45, 18914, 0.702194
224, 50, 10, 45, 18914, 0.649206
224, 50, 15, 45, 18914, 0.554456
224, 50, 20, 45, 18914, 0.486200
224, 50, 25, 45, 18914, 0.370269
224, 50, 30, 45, 18914, 0.290441
224, 50, 35, 45, 18914, 0.159963
224, 50, 40, 45, 18914, 0.069098
224, 50, 45, 45, 18914, 0.069032
