sec par, # entries, threshold, expected matches, total bytes, total_time
224, 50, 5, 45, 18914, 0.700397
224, 50, 10, 45, 18915, 0.649949
224, 50, 15, 45, 18914, 0.554363
224, 50, 20, 45, 18915, 0.486077
224, 50, 25, 45, 18914, 0.370411
224, 50, 30, 45, 18915, 0.289160
224, 50, 35, 45, 18914, 0.159319
224, 50, 40, 45, 18914, 0.068055
224, 50, 45, 45, 18914, 0.068034
