sec par, # entries, threshold, expected matches, total bytes, total_time
224, 50, 5, 39, 18914, 0.510066
224, 50, 10, 39, 18914, 0.441806
224, 50, 15, 39, 18914, 0.326713
224, 50, 20, 39, 18914, 0.244913
224, 50, 25, 39, 18914, 0.113466
224, 50, 30, 39, 18914, 0.069768
224, 50, 35, 39, 18914, 0.069458
224, 50, 40, 39, 18914, 0.067883
224, 50, 45, 39, 18914, 0.068098
