sec par, # entries, total bytes, total_time
128, 10, 706, 0.029462
128, 10, 706, 0.027065
128, 10, 706, 0.028224
128, 10, 704, 0.026701
128, 10, 706, 0.027708
-------------------------------------------
128, 20, 1346, 0.030705
128, 20, 1346, 0.028394
128, 20, 1344, 0.029784
128, 20, 1346, 0.029376
128, 20, 1342, 0.030395
-------------------------------------------
128, 30, 1980, 0.031477
128, 30, 1986, 0.036048
128, 30, 1986, 0.033338
128, 30, 1986, 0.033202
128, 30, 1986, 0.033676
-------------------------------------------
128, 40, 2622, 0.034355
128, 40, 2626, 0.037724
128, 40, 2626, 0.041334
128, 40, 2626, 0.039309
128, 40, 2624, 0.038390
-------------------------------------------
128, 50, 3266, 0.039315
128, 50, 3264, 0.038953
128, 50, 3264, 0.040811
128, 50, 3266, 0.036716
128, 50, 3266, 0.039113
-------------------------------------------
128, 60, 3906, 0.049272
128, 60, 3906, 0.045141
128, 60, 3906, 0.042755
128, 60, 3904, 0.041707
128, 60, 3904, 0.042693
-------------------------------------------
128, 70, 4542, 0.045301
128, 70, 4546, 0.043445
128, 70, 4542, 0.044392
128, 70, 4546, 0.043968
128, 70, 4542, 0.050762
-------------------------------------------
128, 80, 5186, 0.048669
128, 80, 5186, 0.047170
128, 80, 5186, 0.049379
128, 80, 5184, 0.049087
128, 80, 5180, 0.049788
-------------------------------------------
128, 90, 5824, 0.049717
128, 90, 5826, 0.048745
128, 90, 5824, 0.049097
128, 90, 5822, 0.051013
128, 90, 5824, 0.049117
-------------------------------------------
128, 100, 6466, 0.054822
128, 100, 6466, 0.052811
128, 100, 6464, 0.050801
128, 100, 6464, 0.049682
128, 100, 6466, 0.051567
-------------------------------------------