sec par, # entries, total bytes, total_time
256, 10, 1410, 0.029774
256, 10, 1410, 0.032006
256, 10, 1408, 0.033015
256, 10, 1410, 0.037003
256, 10, 1410, 0.030831
-------------------------------------------
256, 20, 2690, 0.040084
256, 20, 2690, 0.057922
256, 20, 2690, 0.042649
256, 20, 2690, 0.049801
256, 20, 2690, 0.035002
-------------------------------------------
256, 30, 3966, 0.063822
256, 30, 3964, 0.045071
256, 30, 3970, 0.045640
256, 30, 3968, 0.046291
256, 30, 3970, 0.048595
-------------------------------------------
256, 40, 5248, 0.057054
256, 40, 5248, 0.066830
256, 40, 5244, 0.059344
256, 40, 5250, 0.051302
256, 40, 5250, 0.054182
-------------------------------------------
256, 50, 6530, 0.058402
256, 50, 6530, 0.050339
256, 50, 6528, 0.075485
256, 50, 6530, 0.053948
256, 50, 6530, 0.050636
-------------------------------------------
256, 60, 7804, 0.065246
256, 60, 7808, 0.065197
256, 60, 7810, 0.070603
256, 60, 7808, 0.079791
256, 60, 7804, 0.085923
-------------------------------------------
256, 70, 9088, 0.062640
256, 70, 9086, 0.059769
256, 70, 9090, 0.071053
256, 70, 9090, 0.062582
256, 70, 9086, 0.078334
-------------------------------------------
256, 80, 10368, 0.066007
256, 80, 10368, 0.088767
256, 80, 10368, 0.068880
256, 80, 10370, 0.077645
256, 80, 10368, 0.064907
-------------------------------------------
256, 90, 11650, 0.080675
256, 90, 11646, 0.074654
256, 90, 11650, 0.074538
256, 90, 11648, 0.131076
256, 90, 11644, 0.086239
-------------------------------------------
256, 100, 12930, 0.077501
256, 100, 12930, 0.115250
256, 100, 12926, 0.086167
256, 100, 12922, 0.094426
256, 100, 12926, 0.110234
-------------------------------------------
