sec par, # entries, total bytes, total_time
2048, 10, 11266, 19.342205
2048, 10, 11266, 41.864971
2048, 10, 11266, 19.252526
2048, 10, 11266, 44.891657, *
2048, 10, 11266, 10.752816, *
-------------------------------------------
2048, 20, 21504, 12.368186
2048, 20, 21506, 39.603704, *
2048, 20, 21506, 165.375640, *
2048, 20, 21506, 2.112244, *
2048, 20, 21506, 59.568454, *
-------------------------------------------
2048, 30, 31746, 7.377316
2048, 30, 31746, 14.217878
2048, 30, 31746, 4.891363
2048, 30, 31742, 6.728261
2048, 30, 31746, 25.231802
-------------------------------------------
2048, 40, 41986, 55.890005
2048, 40, 41984, 14.204271
2048, 40, 41986, 24.195004
2048, 40, 41986, 26.840286, *
2048, 40, 41986, 14.417733, *
-------------------------------------------
2048, 50, 52226, 5.089647
2048, 50, 52222, 18.207134
2048, 50, 52226, 7.333290
2048, 50, 52224, 33.643853, *
2048, 50, 52226, 2.010010, *
-------------------------------------------
2048, 60, 62464, 47.228048
2048, 60, 62464, 32.661654
2048, 60, 62462, 9.560766
2048, 60, 62464, 5.082824, *
2048, 60, 62462, 8.186003, *
-------------------------------------------
2048, 70, 72706, 26.352499
2048, 70, 72704, 20.816352
2048, 70, 72704, 66.592280
2048, 70, 72702, 44.876511, *
2048, 70, 72706, 8.616178, *
-------------------------------------------
2048, 80, 82944, 55.350373
2048, 80, 82940, 32.726486
2048, 80, 82946, 16.406434
2048, 80, 82946, 24.496889, *
2048, 80, 82940, 40.715962, *
-------------------------------------------
2048, 90, 93186, 46.285880
2048, 90, 93186, 40.580907
2048, 90, 93184, 55.423815
2048, 90, 93186, 22.084492
2048, 90, 93182, 41.313552
-------------------------------------------
2048, 100, 103424, 19.945389
2048, 100, 103426, 19.455306
2048, 100, 103424, 8.582497
2048, 100, 103422, 55.074029
2048, 100, 103422, 45.067781, *
-------------------------------------------
